City_ID,City,Lat,Lng,Max Temp,Humidity,Cloudiness,Wind Speed,Country,Date
0,nar'yan-mar,67.6713,53.087,20.34,74,100,1.86,RU,1690381951
1,puerto natales,-51.7236,-72.4875,0.24,86,52,1.44,CL,1690381951
2,cuajinicuilapa,16.4667,-98.4167,29.29,67,35,1.22,MX,1690381951
3,adamstown,-25.066,-130.1015,20.37,67,55,10.2,PN,1690381952
4,okha,53.5739,142.9478,11.79,99,100,3.44,RU,1690381952
5,thompson,55.7435,-97.8558,11.09,82,100,3.09,CA,1690381952
6,yellowknife,62.456,-114.3525,18.29,55,75,5.14,CA,1690381741
7,acarau,-2.8856,-40.12,31.56,48,6,7.67,BR,1690381953
8,richmond,37.5538,-77.4603,29.55,73,0,1.54,US,1690381657
9,manaure,11.7751,-72.4445,30.42,64,42,3.09,CO,1690381953
10,ingeniero guillermo n. juarez,-23.9,-61.85,17.84,63,100,4.33,AR,1690381953
11,tucurui,-3.7661,-49.6725,33.77,38,0,2.12,BR,1690381913
12,invercargill,-46.4,168.35,5.43,90,92,11.82,NZ,1690381954
13,alice springs,-23.7,133.8833,12.75,62,40,0.0,AU,1690381954
14,bethel,41.3712,-73.414,26.94,87,20,2.57,US,1690381900
15,sinop,41.7711,34.8709,29.07,42,0,1.82,TR,1690381954
16,bilibino,68.0546,166.4372,6.31,87,86,1.45,RU,1690381955
17,broome,42.2506,-75.833,26.78,81,0,2.06,US,1690381955
18,cidreira,-30.1811,-50.2056,20.39,81,98,3.1,BR,1690381955
19,georgetown,5.4112,100.3354,28.97,84,20,1.54,MY,1690381712
20,usinsk,65.9939,57.5281,17.34,83,100,4.53,RU,1690381955
21,atafu village,-8.5421,-172.5159,27.93,77,90,8.48,TK,1690381956
22,aasiaat,68.7098,-52.8699,2.97,88,65,3.93,GL,1690381956
23,vorgashor,67.5833,63.95,16.12,86,99,4.67,RU,1690381956
24,mount gambier,-37.8333,140.7667,6.96,86,38,3.52,AU,1690381957
25,west island,-12.1568,96.8225,24.99,83,75,10.29,CC,1690381957
26,kiama,-34.6833,150.8667,13.33,85,12,0.45,AU,1690381957
27,port-aux-francais,-49.35,70.2167,4.47,86,100,19.55,TF,1690381957
28,lompoc,34.6391,-120.4579,16.08,100,40,0.0,US,1690381932
29,vilyuchinsk,52.9306,158.4028,13.15,86,76,1.22,RU,1690381957
30,margaret river,-33.95,115.0667,12.31,83,100,10.93,AU,1690381958
31,waitangi,-43.9535,-176.5597,9.53,70,98,11.68,NZ,1690381958
32,sao vicente,-23.9631,-46.3919,30.15,51,0,1.34,BR,1690381777
33,soto la marina,23.7667,-98.2167,31.06,50,13,4.02,MX,1690381958
34,kingston,17.997,-76.7936,31.8,69,20,3.09,JM,1690381733
35,xunchang,28.4543,104.715,22.79,97,100,0.75,CN,1690381959
36,kirkland lake,48.1446,-80.0377,18.16,72,100,2.06,CA,1690381959
37,jamestown,42.097,-79.2353,25.31,78,0,3.6,US,1690381797
38,albany,42.6001,-73.9662,26.41,85,1,0.45,US,1690381712
39,priozersk,61.0393,30.1291,19.49,77,100,2.54,RU,1690381959
40,tolanaro,-25.0319,46.9987,20.04,64,40,4.63,MG,1690381960
41,kibre mengist,5.8833,38.9833,19.24,71,73,1.67,ET,1690381961
42,santa elena de uairen,4.6167,-61.1333,23.79,76,77,1.92,VE,1690381961
43,chernyshevskiy,63.0128,112.4714,14.88,83,10,3.39,RU,1690381962
44,okahandja,-21.9833,16.9167,25.86,15,12,7.07,NA,1690381962
45,afaahiti,-17.75,-149.2833,22.93,89,67,4.89,PF,1690381963
46,badger,64.8,-147.5333,18.23,89,0,2.57,US,1690381963
47,papatowai,-46.5619,169.4708,4.67,94,100,10.02,NZ,1690381963
48,blackmans bay,-43.0167,147.3167,10.29,84,100,2.53,AU,1690381964
49,whitehorse,60.7161,-135.0538,11.56,93,75,0.45,CA,1690381745
50,kyzyl-suu,42.3414,78.0056,20.88,53,78,1.98,KG,1690381964
51,zaragoza,41.6561,-0.8773,29.14,32,0,5.66,ES,1690381670
52,brisas de zicatela,15.8369,-97.0419,26.29,73,40,3.09,MX,1690381965
53,vadso,70.0744,29.7487,13.49,93,100,3.09,NO,1690381965
54,constantia,44.1833,28.65,33.38,56,0,9.88,RO,1690381899
55,lethem,3.3803,-59.7968,26.82,80,94,1.3,GY,1690381965
56,opuwo,-18.0607,13.84,28.34,14,0,0.65,NA,1690381966
57,ankazobe,-18.3167,47.1167,15.66,69,5,5.65,MG,1690381966
58,grytviken,-54.2811,-36.5092,-1.57,86,81,5.2,GS,1690381966
59,lihue,21.9789,-159.3672,25.77,84,100,6.69,US,1690381967
60,shingu,33.7333,135.9833,25.13,90,89,2.33,JP,1690381967
61,brooks,50.5834,-111.8851,15.99,48,0,3.09,CA,1690381967
62,colchani,-20.3,-66.9333,4.82,28,0,2.67,BO,1690381967
63,ushuaia,-54.8,-68.3,-1.19,80,40,2.57,AR,1690381867
64,ribeira grande,38.5167,-28.7,24.22,73,40,5.14,PT,1690381968
65,salekhard,66.53,66.6019,17.07,97,100,3.49,RU,1690381968
66,tiksi,71.6872,128.8694,3.2,92,46,1.13,RU,1690381969
67,talnakh,69.4865,88.3972,23.45,56,55,1.55,RU,1690381947
68,pont rouge,48.8833,-72.0825,23.16,65,90,3.45,CA,1690381969
69,musoma,-1.5,33.8,29.01,37,20,5.14,TZ,1690381969
70,edinburgh of the seven seas,-37.0676,-12.3116,9.97,53,86,8.0,SH,1690381969
71,stanley,54.868,-1.6985,20.99,56,20,3.09,GB,1690381970
72,khanty-mansiysk,61.0042,69.0019,21.06,73,40,3.13,RU,1690381970
73,akureyri,65.6835,-18.0878,10.96,71,75,4.63,IS,1690381970
74,viransehir,37.2353,39.7631,40.2,10,2,2.01,TR,1690381970
75,college,64.8569,-147.8028,18.28,88,75,2.57,US,1690381971
76,guarapari,-20.6667,-40.4975,24.38,72,50,6.29,BR,1690381971
77,gadzhiyevo,69.2551,33.3362,11.05,90,98,2.2,RU,1690381971
78,el porvenir,13.7617,-87.3458,25.63,52,34,2.38,HN,1690381971
79,graaff-reinet,-32.2522,24.5308,15.51,56,100,3.8,ZA,1690381971
80,carutapera,-1.195,-46.02,31.29,56,11,4.18,BR,1690381972
81,uvira,-3.4067,29.1458,28.07,44,32,3.67,CD,1690381972
82,mahanoro,-19.9,48.8,19.87,82,99,5.42,MG,1690381972
83,ta`u,-14.2336,-169.5144,25.48,72,65,5.97,AS,1690381972
84,ta'izz,13.5,44.0,29.2,36,33,5.95,YE,1690381972
85,mejit,10.2753,170.8646,28.22,78,100,7.99,MH,1690381973
86,iqaluit,63.7506,-68.5145,7.85,87,75,2.57,CA,1690381973
87,labytnangi,66.6572,66.4183,17.14,96,100,3.24,RU,1690381973
88,mili,6.0815,171.735,27.42,82,100,4.7,MH,1690381973
89,heihe,50.2441,127.4902,19.32,82,99,1.12,CN,1690381973
90,sandnessjoen,66.0217,12.6316,22.29,89,100,2.87,NO,1690381974
91,punta arenas,-53.15,-70.9167,1.51,75,53,5.21,CL,1690381974
92,winnemucca,40.973,-117.7357,16.03,20,0,1.54,US,1690381974
93,qaqortoq,60.7167,-46.0333,6.55,85,100,2.82,GL,1690381974
94,concordia,-31.393,-58.0209,14.32,86,77,4.02,AR,1690381974
95,hithadhoo,-0.6,73.0833,28.35,78,67,6.91,MV,1690381975
96,chibuto,-24.6867,33.5306,21.45,42,25,1.91,MZ,1690381975
97,tancacha,-32.2431,-63.9807,16.04,36,0,5.58,AR,1690381975
98,olonkinbyen,70.9221,-8.7187,4.92,94,100,5.3,SJ,1690381975
99,la passe,45.5549,-0.8967,24.13,63,19,6.3,FR,1690381975
100,faya-largeau,17.9257,19.1043,43.94,15,0,6.17,TD,1690381976
101,illizi,26.4833,8.4667,42.89,6,8,6.05,DZ,1690381976
102,bonga,7.2833,36.2333,19.01,98,100,1.07,ET,1690381976
103,bredasdorp,-34.5322,20.0403,13.51,75,96,1.69,ZA,1690381976
104,port blair,11.6667,92.75,28.02,83,40,2.57,IN,1690381976
105,longyearbyen,78.2186,15.6401,12.91,44,20,4.12,SJ,1690381977
106,nouadhibou,20.931,-17.0347,25.99,65,6,9.26,MR,1690381977
107,ilulissat,69.2167,-51.1,7.01,81,20,2.57,GL,1690381977
108,sabang,5.8933,95.3214,28.3,80,100,8.9,ID,1690381977
109,minas de marcona,-15.2119,-75.1103,15.5,70,25,5.59,PE,1690381977
110,puerto colombia,10.9878,-74.9547,29.05,68,100,0.62,CO,1690381978
111,hermanus,-34.4187,19.2345,13.78,79,92,4.27,ZA,1690381978
112,noumea,-22.2763,166.4572,20.56,99,100,5.43,NC,1690381789
113,morristown,36.214,-83.2949,27.8,70,0,0.45,US,1690381978
114,george town,5.4112,100.3354,28.97,84,20,1.54,MY,1690381712
115,egilsstadir,65.2653,-14.3948,9.95,71,75,5.14,IS,1690381979
116,gulf shores,30.246,-87.7008,31.81,63,0,1.79,US,1690381979
117,nemuro,43.3236,145.575,17.04,98,80,0.68,JP,1690381979
118,kayes,14.0,-11.0,34.98,43,11,2.29,ML,1690381979
119,dawei,14.0833,98.2,25.45,90,54,0.68,MM,1690381803
120,avarua,-21.2078,-159.775,17.03,100,2,1.54,CK,1690381980
121,severo-yeniseyskiy,60.3725,93.0408,15.1,91,90,0.78,RU,1690381980
122,pemangkat,1.1667,108.9667,27.1,77,100,5.34,ID,1690381980
123,suncho corral,-27.9336,-63.4294,17.8,52,7,6.29,AR,1690381980
124,xianyang,34.3378,108.7026,29.58,58,0,5.0,CN,1690381981
125,ulsan,35.5372,129.3167,24.71,92,23,1.87,KR,1690381981
126,udachny,66.4167,112.4,19.14,63,100,2.28,RU,1690381981
127,hamilton,39.1834,-84.5333,29.86,74,0,5.14,US,1690381948
128,villa sandino,12.0483,-84.9936,27.65,86,100,6.16,NI,1690381982
129,petropavlovsk-kamchatsky,53.0452,158.6483,12.33,100,0,2.0,RU,1690381858
130,limon,10.0,-83.0333,23.94,94,100,1.54,CR,1690381982
131,wailua homesteads,22.0669,-159.378,25.44,88,100,6.69,US,1690381982
132,jingmen,31.0336,112.2047,25.75,86,70,2.21,CN,1690381983
133,uturoa,-16.7333,-151.4333,25.47,85,26,4.5,PF,1690381983
134,midland,31.9974,-102.0779,29.47,54,0,6.17,US,1690381927
135,tofol,5.3248,163.0078,28.35,75,100,4.37,FM,1690381984
136,susangerd,31.5608,48.1831,45.96,6,2,6.56,IR,1690381984
137,howrah,22.5892,88.3103,28.0,94,40,2.57,IN,1690381985
138,silifke,36.3778,33.9344,33.72,37,0,2.31,TR,1690381985
139,luderitz,-26.6481,15.1594,15.79,56,0,6.21,NA,1690381986
140,cabo san lucas,22.8909,-109.9124,29.73,71,100,1.79,MX,1690381789
141,vila do maio,15.1333,-23.2167,31.44,86,78,3.99,CV,1690381986
142,tazovsky,67.4667,78.7,19.8,66,75,4.38,RU,1690381986
143,shar'ya,58.3686,45.5144,20.8,85,96,3.44,RU,1690381987
144,isafjordur,66.0755,-23.124,10.02,71,40,7.72,IS,1690381987
145,lebu,-37.6167,-73.65,8.8,83,100,2.89,CL,1690381987
146,alesund,62.4723,6.1549,19.95,83,40,3.6,NO,1690381988
147,east london,-33.0153,27.9116,20.52,64,0,1.54,ZA,1690381988
148,kodiak,57.79,-152.4072,11.73,94,100,1.54,US,1690381988
149,kisangani,0.5167,25.2,28.25,63,95,1.57,CD,1690381989
150,sarangani,5.4033,125.4636,27.96,79,98,3.51,PH,1690381989
151,yichang,30.7144,111.2847,25.29,92,100,1.42,CN,1690381989
152,keflavik,64.0049,-22.5624,16.95,82,100,2.57,IS,1690381989
153,ulladulla,-35.35,150.4667,9.07,80,14,2.33,AU,1690381990
154,alindao,5.0267,21.2088,28.78,66,77,2.24,CF,1690381990
155,port mathurin,-19.6833,63.4167,23.68,80,8,5.32,MU,1690381990
156,norderney,53.7,7.15,20.1,68,49,7.92,DE,1690381990
157,fort polk south,31.0511,-93.2158,28.78,78,0,2.06,US,1690381990
158,puerto ayora,-0.7393,-90.3518,26.98,94,45,3.58,EC,1690381897
159,charlottesville,38.0293,-78.4767,28.4,73,0,1.79,US,1690381991
160,dour,50.3958,3.7779,21.94,52,98,3.47,BE,1690381991
161,pointe-noire,-4.7761,11.8635,25.04,73,75,4.63,CG,1690381991
162,port lincoln,-34.7333,135.8667,12.07,62,0,4.35,AU,1690381992
163,port alfred,-33.5906,26.891,21.21,51,49,0.45,ZA,1690381992
164,island harbour,50.724,-1.2758,19.4,75,100,2.24,GB,1690381992
165,stettler,52.3168,-112.7186,12.86,88,56,3.09,CA,1690381992
166,cestos city,5.46,-9.5828,26.46,82,84,5.09,LR,1690381992
167,wakimachi,34.0667,134.15,28.9,88,31,1.04,JP,1690381993
168,el obeid,13.1842,30.2167,26.28,67,100,7.31,SD,1690381993
169,kerikeri,-35.2268,173.9474,5.51,88,18,2.29,NZ,1690381993
170,nassau,40.7507,-73.5829,28.72,66,0,3.09,US,1690381917
171,st. john's,47.5649,-52.7093,29.04,52,40,7.2,CA,1690381819
172,rongelap,11.1635,166.8941,28.23,79,100,7.04,MH,1690381994
173,hawaiian paradise park,19.5933,-154.9731,22.8,97,100,2.57,US,1690381994
174,sur,22.5667,59.5289,31.08,66,100,4.69,OM,1690381994
175,misratah,32.3754,15.0925,32.97,59,0,6.82,LY,1690381994
176,pisco,-13.7,-76.2167,19.03,72,100,3.6,PE,1690381995
177,kousseri,12.0769,15.0306,35.98,46,75,3.6,CM,1690381995
178,kailua-kona,19.6406,-155.9956,25.98,87,100,3.09,US,1690381995
179,okhotsk,59.3833,143.3,13.74,97,69,2.66,RU,1690381995
180,yuncheng,35.0231,110.9928,27.15,62,100,2.32,CN,1690381995
181,merizo village,13.2658,144.6691,28.31,94,100,8.73,GU,1690381996
182,lazaro cardenas,17.9583,-102.2,29.17,62,45,1.75,MX,1690381830
183,valle nacional,17.7833,-96.3167,27.07,73,87,0.84,MX,1690381996
184,novodvinsk,64.4165,40.8122,20.17,55,94,2.49,RU,1690381996
185,arraial do cabo,-22.9661,-42.0278,24.92,65,100,9.77,BR,1690381997
186,ulaangom,49.9811,92.0667,19.54,45,79,1.69,MN,1690381997
187,wellington,-41.2866,174.7756,6.59,91,75,6.17,NZ,1690381730
188,buala,-8.145,159.5921,26.48,84,100,2.35,SB,1690381997
189,saltillo,25.4167,-101.0,23.49,53,0,4.12,MX,1690381806
190,igrim,63.1906,64.4162,17.74,89,100,3.03,RU,1690381998
191,mimizan,44.2006,-1.2289,26.37,66,40,4.56,FR,1690381998
192,valdivia,-39.8142,-73.2459,7.05,96,100,0.63,CL,1690381934
193,el granada,37.5027,-122.4694,17.75,90,100,5.14,US,1690381998
194,alofi,-19.0595,-169.9187,16.94,94,46,0.51,NU,1690381998
195,richards bay,-28.783,32.0377,21.22,64,100,7.58,ZA,1690381999
196,dudinka,69.4058,86.1778,23.68,65,0,3.92,RU,1690381943
197,susuman,62.7833,148.1667,10.95,86,100,1.76,RU,1690381999
198,iskateley,67.6803,53.1512,20.35,74,100,1.85,RU,1690381999
199,pathankot,32.2833,75.65,27.53,83,45,1.18,IN,1690382000
200,saipan,15.1355,145.701,27.39,100,75,6.26,MP,1690382000
201,flying fish cove,-10.4217,105.6791,24.82,88,100,3.09,CX,1690382000
202,kelkit,40.1298,39.4361,32.3,32,2,2.34,TR,1690382000
203,kamiiso,41.8167,140.65,22.01,97,32,1.82,JP,1690382000
204,ust-nera,64.5667,143.2,11.24,96,78,3.2,RU,1690381946
205,harpswell center,43.8018,-69.9842,29.55,76,0,1.34,US,1690382001
206,saint-philippe,-21.3585,55.7679,22.77,80,47,4.48,RE,1690382001
207,nuuk,64.1835,-51.7216,5.34,100,75,6.17,GL,1690382001
208,naracoorte,-36.9579,140.7383,7.42,83,0,4.65,AU,1690382002
209,sao joao da barra,-21.6403,-41.0511,24.05,80,93,7.21,BR,1690382002
210,walvis bay,-22.9575,14.5053,18.53,55,0,8.75,NA,1690382002
211,shimoda,34.6667,138.95,26.17,88,76,2.17,JP,1690382002
212,tangalle,6.024,80.7911,29.09,85,75,4.43,LK,1690382003
213,grande prairie,55.1667,-118.8027,13.1,76,100,8.75,CA,1690382003
214,klaksvik,62.2266,-6.589,11.51,75,17,3.28,FO,1690382003
215,camocim,-2.9022,-40.8411,32.67,45,5,4.45,BR,1690382003
216,black point,-34.6187,137.8972,11.23,64,0,4.32,AU,1690382004
217,turpan,42.9333,89.1667,39.95,12,4,1.0,CN,1690382004
218,sligo,54.2697,-8.4694,16.45,97,100,4.12,IE,1690382004
219,barabai,-2.5833,115.3833,22.55,86,69,1.15,ID,1690382004
220,nagqu,31.5,92.0,7.1,69,100,1.56,CN,1690382004
221,ouadda,8.0777,22.4007,23.46,88,95,1.44,CF,1690382005
222,idri,27.5,13.2667,43.49,5,4,5.99,LY,1690382005
223,tombodu,8.1333,-10.6167,26.21,91,90,1.44,SL,1690382005
224,kasulu,-4.5767,30.1025,27.79,20,55,2.67,TZ,1690382005
225,sitka,57.0531,-135.33,13.94,88,100,0.0,US,1690382006
226,anadyr,64.75,177.4833,10.28,93,100,3.0,RU,1690382006
227,nadi,-17.8,177.4167,21.0,88,75,2.57,FJ,1690382006
228,enewetak,11.3474,162.3373,28.02,81,100,6.52,MH,1690382006
229,ghadamis,30.1337,9.5007,44.45,6,0,2.19,LY,1690382007
230,nova sintra,14.8667,-24.7167,23.07,85,100,4.67,CV,1690382007
231,boa vista,2.8197,-60.6733,25.99,83,75,3.09,BR,1690381891
232,utrik,11.2278,169.8474,28.13,81,100,8.49,MH,1690382008
233,mathba,22.2855,89.9629,28.0,86,99,4.91,BD,1690382009
234,taltal,-25.4,-70.4833,17.7,70,66,2.14,CL,1690382009
235,fort bragg,35.139,-79.006,32.17,68,0,0.45,US,1690381921
236,port macquarie,-31.4333,152.9167,8.83,91,10,2.28,AU,1690382010
237,eilat,29.5581,34.9482,44.91,11,0,5.14,IL,1690382010
238,brookings,44.3114,-96.7984,26.32,89,0,3.09,US,1690382011
239,labrador city,52.9463,-66.9114,19.95,64,75,3.6,CA,1690381814
240,troitskiy,57.0603,63.7481,19.18,76,100,4.06,RU,1690382011
241,holbrook,40.8123,-73.0784,28.71,79,20,2.57,US,1690382012
242,ongjin,37.9347,125.3619,23.88,95,99,2.18,KP,1690382012
243,bikenibeu village,1.3673,173.1241,27.98,83,75,1.54,KI,1690382012
244,amahai,-3.3333,128.9167,28.38,88,83,3.15,ID,1690382013
245,an nuhud,12.7,28.4333,26.47,64,100,7.33,SD,1690382013
246,lons-le-saunier,46.75,5.75,20.46,46,37,1.83,FR,1690382013
247,nyala,12.05,24.8833,29.41,50,99,8.92,SD,1690382013
248,papao,-17.75,-149.55,23.82,90,75,4.44,PF,1690382013
249,vilalba,43.3,-7.6833,26.72,41,8,2.36,ES,1690382014
250,pacific grove,36.6177,-121.9166,13.9,95,100,3.6,US,1690382014
251,kidal,18.4411,1.4078,40.67,16,61,1.91,ML,1690382014
252,thinadhoo,0.5333,72.9333,28.62,79,48,6.66,MV,1690382014
253,laguna,38.421,-121.4238,24.49,68,0,4.63,US,1690382015
254,rabo de peixe,37.8,-25.5833,22.73,78,75,3.09,PT,1690382015
255,nadapuram,11.7,75.6667,23.89,94,100,1.28,IN,1690382015
256,katsuura,35.1333,140.3,25.59,91,42,2.82,JP,1690382015
257,namibe,-15.1961,12.1522,19.22,75,9,3.85,AO,1690382015
258,klyuchi,52.2667,79.1667,24.2,36,93,2.66,RU,1690382016
259,tralee,52.2704,-9.7026,18.14,94,100,4.63,IE,1690382016
260,ryotsu-minato,38.0833,138.4333,25.78,82,62,0.87,JP,1690382016
261,kloulklubed,7.0419,134.2556,27.28,77,100,7.92,PW,1690382016
262,kone,-21.0595,164.8658,15.44,72,25,2.29,NC,1690382016
263,campbell river,50.0163,-125.2446,15.15,100,75,2.57,CA,1690381930
264,kavaratti,10.5669,72.642,28.13,76,100,6.44,IN,1690382017
265,bintulu,3.1667,113.0333,27.0,85,100,1.92,MY,1690382017
266,torghay,49.6339,63.4981,26.01,47,39,6.75,KZ,1690382017
267,kaduy,59.2,37.15,16.45,98,100,2.57,RU,1690382017
268,hammerfest,70.6634,23.6821,16.25,67,75,6.17,NO,1690382018
269,fabens,31.5023,-106.1586,30.08,25,8,5.03,US,1690382018
270,margate,51.3813,1.3862,21.6,55,99,5.36,GB,1690382018
271,zemio,5.0314,25.1361,25.76,74,91,1.36,CF,1690382018
272,hasaki,35.7333,140.8333,26.84,88,5,3.52,JP,1690382018
273,fort st. john,56.2499,-120.8529,11.94,94,75,5.66,CA,1690382019
274,kill devil hills,36.0307,-75.676,31.1,75,0,0.0,US,1690381871
275,kasongo-lunda,-6.4667,16.8167,36.26,19,0,1.37,CD,1690382019
276,kribi,2.95,9.9167,26.17,87,94,4.88,CM,1690382021
277,qarqaraly,49.4058,75.4742,24.27,31,100,1.58,KZ,1690382021
278,suncheon,34.9481,127.4895,24.99,93,16,0.6,KR,1690382021
279,tsengel,49.4783,100.8894,14.69,62,31,2.42,MN,1690382021
280,jibia,13.0978,7.2225,34.7,34,41,2.88,NG,1690382021
281,kirakira,-10.4544,161.9205,26.16,89,100,4.64,SB,1690382022
282,sao joao do piaui,-8.3581,-42.2467,33.31,27,4,4.02,BR,1690382022
283,porto novo,6.4965,2.6036,27.9,68,71,4.71,BJ,1690382022
284,mugia,43.1041,-9.2179,29.95,78,7,6.39,ES,1690382022
285,borovskoy,53.8,64.15,22.53,63,53,0.75,KZ,1690382023
286,ghat,24.9647,10.1728,40.84,7,5,6.58,LY,1690382023
287,al ghayzah,16.2079,52.176,25.93,86,75,7.97,YE,1690382023
288,tura,25.5198,90.2201,24.42,94,100,2.39,IN,1690382023
289,mildura,-34.2,142.15,9.48,78,0,4.64,AU,1690382023
290,bodaybo,57.8506,114.1933,18.85,82,9,0.66,RU,1690382024
291,kalevala,65.2,31.1667,18.02,73,74,1.56,RU,1690382024
292,erbil,36.1926,44.0106,41.9,8,20,6.17,IQ,1690381929
293,san patricio,28.017,-97.5169,32.17,53,0,4.61,US,1690381858
294,rawson,-43.3002,-65.1023,5.06,61,48,6.63,AR,1690381910
295,chunskiy,56.0815,99.6342,15.56,96,76,1.42,RU,1690382025
296,vemalwada,18.4667,78.8833,26.53,86,100,5.28,IN,1690382025
297,novyy urengoy,66.0833,76.6333,22.91,66,99,2.27,RU,1690382025
298,ocher,57.8904,54.7202,20.08,69,68,2.07,RU,1690382025
299,belmonte,-15.8631,-38.8828,25.06,68,81,3.69,BR,1690382025
300,quang ngai,15.1167,108.8,26.13,89,100,1.86,VN,1690382026
301,rio gallegos,-51.6226,-69.2181,-4.97,86,0,6.17,AR,1690382026
302,north bend,43.4065,-124.2243,12.95,94,20,0.0,US,1690382026
303,cheremukhovo,60.3484,59.9851,18.75,80,33,2.65,RU,1690382026
304,hotan,37.0997,79.9269,31.84,22,29,1.84,CN,1690382027
305,guichon,-32.35,-57.2,12.82,88,100,6.42,UY,1690382027
306,nantucket,41.2835,-70.0995,27.03,77,16,6.45,US,1690382027
307,puerto deseado,-47.7503,-65.8938,2.17,74,7,8.21,AR,1690381900
308,nago,26.5881,127.9761,29.14,88,100,6.6,JP,1690382027
309,kununurra,-15.7667,128.7333,12.99,76,8,0.0,AU,1690382028
310,watsa,3.0372,29.5355,21.76,92,82,1.58,CD,1690382028
311,dolores,-36.3132,-57.6792,12.69,75,71,6.85,AR,1690382028
312,fukuecho,32.6881,128.8419,27.27,85,83,3.67,JP,1690382028
313,kudahuvadhoo,2.6708,72.8944,28.2,78,98,4.42,MV,1690382028
314,yanbu,24.0891,38.0637,41.02,22,0,9.26,SA,1690381993
315,callao,-12.0667,-77.15,20.95,77,100,2.06,PE,1690382029
316,akrehamn,59.2667,5.1833,17.22,77,75,5.66,NO,1690382029
317,tanumah,27.1,44.1333,42.94,5,21,4.67,SA,1690382029
318,churapcha,62.0025,132.4325,14.73,84,88,2.62,RU,1690382029
319,bandarbeyla,9.4942,50.8122,24.39,80,9,15.06,SO,1690382029
320,launceston,-41.45,147.1667,9.53,88,100,3.6,AU,1690381810
321,batamshinskiy,50.5594,58.2747,25.87,38,87,2.37,KZ,1690382030
322,chililabombwe,-12.3648,27.8229,25.09,24,6,3.1,ZM,1690382030
323,lukolela,-1.0605,17.1821,32.38,38,20,1.34,CD,1690382030
324,sarykemer,43.0,71.5,38.71,13,4,4.61,KZ,1690382030
325,llandudno,53.325,-3.8315,18.26,47,100,4.02,GB,1690382031
326,kyshtovka,56.555,76.6271,19.92,69,61,1.79,RU,1690382031
327,cravinhos,-21.3403,-47.7294,24.4,26,4,2.18,BR,1690382031
328,gilgit,35.9221,74.3087,32.26,41,85,1.62,PK,1690382032
329,york,40.1254,-77.0,27.72,68,0,2.57,US,1690382032
330,mezhdurechensk,53.6942,88.0603,18.13,77,93,0.9,RU,1690382032
331,novokayakent,42.3937,47.9861,25.77,70,24,3.83,RU,1690382033
332,dalai,45.5,124.3,24.56,85,63,4.79,CN,1690382033
333,santa cruz,-17.8,-63.1667,19.03,55,75,6.69,BO,1690381864
334,stabat,3.761,98.4513,28.11,94,91,0.99,ID,1690382034
335,selcuk,37.9514,27.3685,42.67,17,0,3.93,TR,1690382034
336,kuanda,56.3161,116.0806,20.33,66,36,1.56,RU,1690382035
337,salym,60.0625,71.4789,17.39,92,97,2.77,RU,1690382035
338,holualoa,19.6228,-155.9522,23.91,87,100,3.09,US,1690382035
339,yung shue wan,22.2333,114.1167,33.68,78,89,2.13,HK,1690382036
340,bonthe,7.5264,-12.505,26.69,83,97,5.12,SL,1690382036
341,batticaloa,7.7102,81.6924,28.99,71,100,1.22,LK,1690382036
342,vila franca do campo,37.7167,-25.4333,23.23,67,59,0.9,PT,1690382036
343,portland,45.5234,-122.6762,16.82,80,20,2.57,US,1690382037
344,ciudad tecun uman,14.6667,-92.15,26.97,58,18,1.33,GT,1690382037
345,chinde,26.8418,88.0763,19.16,92,97,1.63,NP,1690382037
346,pariaman,-0.619,100.12,26.03,85,88,1.65,ID,1690382037
347,hami,42.8,93.45,33.02,12,0,3.82,CN,1690382037
348,anna regina,7.2644,-58.5077,29.53,66,8,4.08,GY,1690382038
349,kampong thom,12.7111,104.8887,26.49,80,100,1.86,KH,1690382038
350,acapulco de juarez,16.8634,-99.8901,28.9,70,75,2.06,MX,1690381869
351,aransas pass,27.9095,-97.15,32.79,83,0,2.68,US,1690381804
352,bharatpur,27.2167,77.4833,28.54,69,100,2.48,IN,1690382038
353,miquelon,47.0975,-56.3814,22.0,94,87,4.39,PM,1690382039
354,salzgitter,52.1526,10.3314,20.53,55,90,4.47,DE,1690382039
355,port shepstone,-30.7414,30.455,19.99,74,0,6.28,ZA,1690382039
356,edd,13.9297,41.6925,35.22,55,8,4.17,ER,1690382039
357,urangan,-25.3,152.9,18.39,74,9,5.81,AU,1690382040
358,pathalgaon,22.5667,83.4667,26.63,81,90,5.13,IN,1690382040
359,taoudenni,22.6783,-3.9836,47.98,5,0,4.95,ML,1690382040
360,borgo san lorenzo,43.9553,11.3835,29.63,62,92,0.81,IT,1690382040
361,jaru,-10.4389,-62.4664,33.0,31,1,1.89,BR,1690382040
362,praia da vitoria,38.7333,-27.0667,25.14,78,20,2.53,PT,1690382041
363,yelizovo,53.1873,158.3805,13.08,100,0,2.0,RU,1690382041
364,queenstown,-31.8976,26.8753,19.91,34,1,3.51,ZA,1690382041
365,hadibu,12.65,54.0333,25.55,74,31,9.21,YE,1690382041
366,remire-montjoly,4.9167,-52.2667,30.02,74,100,1.03,GF,1690382041
367,myitkyina,25.3833,97.4,24.61,98,84,0.27,MM,1690382042
368,maslyanino,54.3436,84.2111,20.84,53,65,1.61,RU,1690382042
369,birine,35.635,3.225,36.63,11,0,3.65,DZ,1690382042
370,pandan,14.0453,124.1694,27.8,80,100,7.0,PH,1690382042
371,ritchie,-29.038,24.6028,24.56,23,89,9.55,ZA,1690382046
372,kiskunfelegyhaza,46.7121,19.8446,23.79,58,85,8.83,HU,1690382046
373,cuero,29.0939,-97.2892,30.93,77,1,4.02,US,1690382046
374,shigony,53.3875,48.6777,29.82,32,19,5.7,RU,1690382046
375,mazamari,-11.3258,-74.5308,28.62,50,14,0.9,PE,1690382047
376,nogliki,51.8333,143.1667,15.22,99,100,2.75,RU,1690382047
377,moab,38.5733,-109.5498,30.27,26,8,0.55,US,1690381813
378,port isabel,26.0734,-97.2086,31.12,75,0,4.63,US,1690382047
379,ji'an,27.1172,114.9793,27.76,80,97,2.04,CN,1690382047
380,harper,4.375,-7.7169,26.23,82,69,4.87,LR,1690382048
381,santiago de cao,-7.9589,-79.2392,22.07,83,75,3.6,PE,1690382048
382,belozersk,60.0326,37.7957,17.23,93,100,4.01,RU,1690382048
383,kourou,5.1552,-52.6478,30.03,65,6,2.87,GF,1690382048
384,manta,-0.95,-80.7333,26.88,73,0,5.81,EC,1690381749
385,liestal,47.4846,7.7345,21.7,60,87,6.17,CH,1690382051
386,zavetnoye,47.1194,43.8903,32.81,25,0,3.55,RU,1690382051
387,'ali al gharbi,32.4633,46.6864,45.47,6,0,6.54,IQ,1690382051
388,puerto baquerizo moreno,-0.9,-89.6,24.55,88,75,3.09,EC,1690382052
389,grand-lahou,5.1367,-5.0242,26.46,80,95,3.67,CI,1690382052
390,nova vicosa,-17.8919,-39.3719,25.22,62,25,3.84,BR,1690381909
391,hendersonville,36.3048,-86.62,31.19,70,92,0.89,US,1690381956
392,antsiranana,-12.2787,49.2917,25.42,61,75,6.17,MG,1690382052
393,crane,31.3974,-102.3501,28.58,45,45,7.88,US,1690382053
394,al jubayl,27.0112,49.6583,35.18,56,61,3.24,SA,1690381901
395,arno,60.1167,18.6333,19.77,51,100,6.37,SE,1690382054
396,berdigestyakh,62.0989,126.6992,12.68,61,64,2.1,RU,1690382054
397,kulhudhuffushi,6.6221,73.07,28.15,77,55,2.76,MV,1690382054
398,grand falls-windsor,48.9332,-55.6649,28.61,58,100,1.34,CA,1690382054
399,bajil,15.0584,43.2851,37.59,28,39,8.91,YE,1690382055
400,qarazhal,48.0078,70.7903,28.89,31,97,4.04,KZ,1690382055
401,kushiro,42.975,144.3747,20.26,93,24,1.46,JP,1690382056
402,saint-joseph,-21.3667,55.6167,22.21,82,36,3.68,RE,1690382056
403,petra,30.3222,35.4793,31.72,17,5,5.43,JO,1690382057
404,qala i naw,34.9874,63.1289,35.72,9,11,8.39,AF,1690382057
405,ocean shores,46.9737,-124.1563,13.34,93,0,0.89,US,1690382057
406,la ronge,55.1001,-105.2842,17.14,67,100,3.6,CA,1690382058
407,port elizabeth,-33.918,25.5701,18.16,63,0,0.51,ZA,1690382058
408,auki,-8.7676,160.7034,25.61,90,100,2.2,SB,1690382059
409,brumunddal,60.881,10.9395,16.34,79,94,1.67,NO,1690382059
410,irbit,57.6705,63.071,20.55,71,40,3.32,RU,1690382059
411,nuku'alofa,-21.1333,-175.2,20.19,77,75,2.57,TO,1690382059
412,kavieng,-2.5744,150.7967,27.69,77,99,5.51,PG,1690382060
413,jabat,7.75,168.9751,27.35,80,97,3.2,MH,1690382060
414,gryazi,52.4966,39.9359,27.01,51,30,7.55,RU,1690382060
415,vilyuysk,63.7553,121.6247,14.57,57,100,2.18,RU,1690382061
416,waycross,31.2136,-82.354,31.14,70,0,0.89,US,1690382061
417,yuzhno-kurilsk,44.0306,145.8556,17.51,96,41,1.53,RU,1690382061
418,new norfolk,-42.7826,147.0587,10.95,92,100,1.52,AU,1690382061
419,macau,22.2006,113.5461,34.92,62,0,1.54,MO,1690382062
420,leava,-14.3,-178.1667,26.02,76,99,6.77,WF,1690382062
421,tepalcatepec,19.1833,-102.85,25.6,83,93,0.38,MX,1690382062
422,cleveleys,53.8775,-3.0399,20.57,77,40,5.14,GB,1690382062
423,coahuayana de hidalgo,18.7,-103.6583,30.2,59,91,0.23,MX,1690382063
424,tutoia,-2.7619,-42.2744,31.24,49,9,4.26,BR,1690382063
425,fale old settlement,-9.3852,-171.2468,28.03,75,84,8.19,TK,1690382063
426,ancud,-41.8697,-73.8203,8.23,80,100,1.42,CL,1690382063
427,lata,40.1629,-8.3327,27.26,27,0,6.18,PT,1690382063
428,zaozersk,69.4005,32.4476,13.0,81,94,3.54,RU,1690382064
429,polyarnyy,69.1989,33.4478,11.02,91,99,1.95,RU,1690382064
430,guerrero negro,27.9769,-114.0611,21.67,72,5,2.54,MX,1690382064
431,as sulayyil,20.4607,45.5779,45.14,6,44,3.11,SA,1690382064
432,willowmore,-33.2926,23.4895,16.3,47,100,7.36,ZA,1690382064
433,forster,-32.1667,152.5167,11.12,85,0,2.51,AU,1690382065
434,taufkirchen,48.0432,11.6191,15.19,87,98,2.68,DE,1690382065
435,qamdo,31.1667,97.2333,6.15,81,85,2.73,CN,1690382065
436,tuy hoa,13.0833,109.3,26.75,81,100,5.37,VN,1690382065
437,kaedi,16.1465,-13.5047,33.57,40,100,2.54,MR,1690382066
438,oranjemund,-28.55,16.4333,14.79,65,1,4.14,NA,1690382066
439,natal,-5.795,-35.2094,29.36,61,75,7.72,BR,1690381982
440,kargasok,59.0556,80.8572,17.36,88,41,2.5,RU,1690381935
441,brandon,27.9378,-82.2859,32.75,72,0,0.89,US,1690382001
442,pader palwo,2.8006,33.135,23.7,68,100,1.75,UG,1690382067
443,igarka,67.4667,86.5833,21.33,76,3,3.45,RU,1690382067
444,cannonvale,-20.2833,148.7,19.66,74,40,8.65,AU,1690382067
445,kota tinggi,1.7381,103.8999,29.13,92,73,1.27,MY,1690382067
446,turinsk,58.0458,63.696,21.04,65,67,1.93,RU,1690382067
447,gorontalo,0.5412,123.0595,24.5,93,81,2.41,ID,1690382068
448,sparti,37.0733,22.4297,35.53,13,0,4.45,GR,1690382068
449,bahia honda,22.9036,-83.1592,30.68,63,71,4.71,CU,1690382068
450,sant'antioco,39.0664,8.4522,25.49,56,0,10.11,IT,1690382068
451,chernomorskoye,45.5039,32.6997,25.92,61,0,12.0,UA,1690382069
452,fisterra,42.9049,-9.2629,29.86,82,4,9.12,ES,1690382069
453,juliaca,-15.5,-70.1333,5.99,17,0,1.66,PE,1690382069
454,luocheng,29.3848,104.0286,22.05,97,100,1.58,CN,1690382069
455,keningau,5.3378,116.1602,22.87,94,93,0.48,MY,1690382043
456,colby,39.3958,-101.0524,27.83,59,0,3.6,US,1690381873
457,burley,42.5357,-113.7928,13.98,82,0,1.54,US,1690382048
458,sungai raya,0.7,108.9,26.81,78,100,3.97,ID,1690382070
459,colonia,50.9333,6.95,22.16,65,20,1.54,DE,1690381939
460,haiku-pauwela,20.9219,-156.3051,23.91,80,100,5.14,US,1690382070
461,sal rei,16.1833,-22.9167,31.11,62,75,9.26,CV,1690382071
462,san antonio de pale,-1.4014,5.6325,23.28,88,94,4.49,GQ,1690382071
463,zambezi,-13.5432,23.1047,30.59,13,19,2.74,ZM,1690382071
464,kapa'a,22.0752,-159.319,26.18,87,100,6.69,US,1690381954
465,ust'-kulom,61.6864,53.6902,17.93,68,96,2.05,RU,1690382071
466,oriximina,-1.7656,-55.8661,34.0,38,15,2.51,BR,1690382072
467,mukalla,14.5425,49.1242,34.71,45,9,8.52,YE,1690382072
468,nabire,-3.3667,135.4833,24.83,92,95,1.51,ID,1690382072
469,saint-pierre,-21.3393,55.4781,22.82,78,40,5.14,RE,1690382073
470,lerwick,60.1545,-1.1494,13.0,73,78,5.27,GB,1690381819
471,page,36.9147,-111.4558,28.95,30,0,1.79,US,1690381954
472,peterhead,57.5058,-1.7981,16.92,69,46,2.5,GB,1690382017
473,constitucion,-35.3333,-72.4167,11.76,65,99,3.52,CL,1690381972
474,corralillo,22.9819,-80.5856,31.31,61,84,6.18,CU,1690382073
475,port saint john's,-31.6229,29.5448,20.65,59,0,3.39,ZA,1690382074
476,coari,-4.085,-63.1414,33.73,36,71,1.11,BR,1690382074
477,cole harbour,44.6724,-63.4751,25.66,61,75,3.6,CA,1690382074
478,songea,-10.6833,35.65,23.64,38,20,3.6,TZ,1690382074
479,novo aripuana,-5.1206,-60.3797,35.99,29,2,0.83,BR,1690382074
480,meknes,33.9776,-5.525,33.49,37,0,3.6,MA,1690382075
481,bartlesville,36.7473,-95.9808,29.21,58,0,5.66,US,1690382075
482,utena,55.5,25.6,20.39,55,100,2.27,LT,1690382075
483,cobija,-11.0267,-68.7692,29.1,61,32,2.57,BO,1690382075
484,tsiombe,-25.3,45.4833,18.59,60,3,5.46,MG,1690382076
485,krasnoturansk,54.3186,91.5639,16.29,80,14,1.06,RU,1690382076
486,orlovskiy,46.8714,42.0592,31.97,26,0,5.3,RU,1690382076
487,chonchi,-42.6128,-73.8092,7.29,88,100,0.5,CL,1690382076
488,oxapampa,-10.5775,-75.4017,21.88,56,27,2.09,PE,1690382077
489,linqiong,30.4159,103.4609,24.9,90,100,0.43,CN,1690382077
490,saint-denis,48.9167,2.3333,24.77,49,0,4.63,FR,1690382077
491,peace river,56.2501,-117.286,15.17,100,100,3.09,CA,1690381921
492,korla,41.7597,86.1469,32.23,21,0,3.4,CN,1690382078
493,braganca,-1.0536,-46.7656,30.93,60,6,1.97,BR,1690382079
494,negara,-8.3151,114.6025,22.51,87,55,3.29,ID,1690382080
495,yelets,52.6237,38.5017,28.8,53,30,7.9,RU,1690382080
496,newman,37.3138,-121.0208,23.19,69,3,1.28,US,1690382080
497,lucea,18.451,-78.1736,29.92,70,100,5.71,JM,1690382081
498,amungan,15.3652,119.9582,27.33,87,100,7.2,PH,1690382081
499,strangnas,59.3774,17.0312,18.99,46,86,4.34,SE,1690382082
500,mishan,45.55,131.8833,21.66,84,0,1.44,CN,1690382082
501,geraldton,-28.7667,114.6,13.23,76,40,5.14,AU,1690381877
502,djambala,-2.5447,14.7533,32.41,30,55,3.17,CG,1690382083
503,touros,-5.1989,-35.4608,29.44,58,13,7.96,BR,1690382083
504,limulunga,-15.0969,23.1376,29.89,15,95,2.57,ZM,1690382083
505,nizhniy kuranakh,58.8353,125.4869,16.92,91,100,0.83,RU,1690382083
506,morden,49.1919,-98.1014,26.16,83,0,1.54,CA,1690382083
507,rio verde de mato grosso,-18.9181,-54.8442,32.22,22,0,3.63,BR,1690382084
508,khabary,53.6259,79.5345,21.71,51,100,2.7,RU,1690382084
509,prineville,44.2999,-120.8345,15.9,71,0,0.0,US,1690382084
510,sougueur,35.1857,1.4961,34.07,11,0,1.54,DZ,1690382084
511,toliara,-23.35,43.6667,23.89,38,0,6.16,MG,1690382085
512,sakakah,29.9697,40.2064,42.76,8,17,5.2,SA,1690382085
513,westport,41.1415,-73.3579,27.39,82,0,1.34,US,1690381807
514,visakhapatnam,17.69,83.2093,25.94,100,100,2.57,IN,1690382085
515,ephraim,39.3597,-111.5863,23.48,52,6,2.14,US,1690382085
516,fuling,29.7022,107.3919,24.94,95,100,0.57,CN,1690382085
517,masterton,-40.9597,175.6575,1.7,95,49,1.93,NZ,1690382086
518,lubango,-14.9172,13.4925,24.65,20,0,2.9,AO,1690381879
519,oruro,-17.9833,-67.15,4.27,42,0,2.06,BO,1690382086
520,antofagasta,-23.65,-70.4,17.6,68,52,3.0,CL,1690381940
521,beipiao,41.7919,120.7792,23.48,94,6,3.04,CN,1690382086
522,miguel auza,24.2933,-103.4503,20.03,57,100,4.52,MX,1690382087
523,howard springs,-12.497,131.047,17.95,66,15,2.77,AU,1690382087
524,brindisi,40.5833,17.6667,33.55,35,40,3.36,IT,1690382087
525,uruana,-15.4981,-49.6875,31.21,22,0,2.96,BR,1690382087
526,smithers,54.7804,-127.1743,13.18,82,75,1.03,CA,1690382087
527,great falls,47.5002,-111.3008,22.05,45,0,4.63,US,1690382087
528,zakamensk,50.3741,103.2863,13.63,85,37,0.51,RU,1690382088
529,kudymkar,59.0173,54.656,19.53,66,97,0.44,RU,1690381905
530,charters towers,-20.1,146.2667,13.56,80,5,3.8,AU,1690382088
531,camana,-16.6228,-72.7111,19.3,74,33,3.19,PE,1690382088
532,fujin,47.26,132.0322,22.18,81,100,3.36,CN,1690382088
533,cambria,35.5641,-121.0808,19.58,57,20,2.27,US,1690382089
534,jasper,37.2001,-94.3502,30.81,51,40,9.26,US,1690381923
535,broken hill,-31.95,141.4333,11.24,56,0,4.29,AU,1690382089
536,clinton,42.587,-82.9199,28.36,71,20,4.63,US,1690381822
537,mangrol,21.1167,70.1167,27.55,87,90,7.23,IN,1690382089
538,vilhena,-12.7406,-60.1458,29.12,48,0,4.12,BR,1690381987
539,ilica,39.9463,41.1091,27.96,21,20,2.06,TR,1690382090
540,malvan,16.0667,73.4667,25.89,85,100,9.69,IN,1690382090
541,olyokminsk,60.3736,120.4264,18.32,95,69,1.84,RU,1690382090
542,soio,-6.1349,12.3689,23.62,73,8,4.95,AO,1690382090
543,tshikapa,-6.4167,20.8,37.84,13,2,1.58,CD,1690382091
544,alasehir,38.3508,28.5172,40.83,11,0,2.84,TR,1690382091
545,martapura,-3.4167,114.85,25.05,83,20,1.03,ID,1690382091
546,kapuskasing,49.4169,-82.4331,18.05,72,100,2.06,CA,1690382091
547,puerto san jose,13.9256,-90.8244,29.09,58,55,1.45,GT,1690382091
548,san pedro pochutla,15.7333,-96.4667,29.28,61,64,0.77,MX,1690382092
549,simanggang,1.2472,111.4528,26.99,94,98,1.03,MY,1690382092
550,kachug,53.9606,105.8817,17.11,82,75,1.49,RU,1690382092
551,pato branco,-26.2286,-52.6706,19.19,63,88,3.19,BR,1690382092
552,moose jaw,50.4001,-105.5344,20.15,60,20,6.17,CA,1690382093
553,pakse,15.1167,105.7833,24.35,95,93,1.05,LA,1690382093
554,turkmenbasy,40.0222,52.9552,29.43,45,0,8.23,TM,1690382093
555,saldanha,-33.0117,17.9442,14.03,80,20,3.98,ZA,1690382093
556,dhidhdhoo,6.8833,73.1,28.15,78,60,3.07,MV,1690382093
557,itoman,26.1247,127.6694,29.11,89,75,4.63,JP,1690382094
558,lodeynoye pole,60.726,33.5531,18.66,90,100,0.63,RU,1690382094
559,kalmunai,7.4167,81.8167,29.53,68,99,3.15,LK,1690382094
560,telenesti,47.4997,28.3656,36.44,26,72,6.37,MD,1690382094
561,gargalianoi,37.0667,21.6333,35.2,66,7,3.32,GR,1690382094
562,kruisfontein,-34.0033,24.7314,14.94,53,94,1.51,ZA,1690382095
563,kayangel,8.0823,134.7173,27.89,75,100,8.87,PW,1690382095
564,bamboo flat,11.7,92.7167,28.05,83,40,2.57,IN,1690382095
565,arawa,-6.2132,155.5367,24.4,90,39,1.86,PG,1690382095
566,xiva,41.3783,60.3639,35.99,17,77,10.77,UZ,1690382095
567,vila velha,-20.3297,-40.2925,24.97,78,40,5.14,BR,1690381984
568,palmer,42.1584,-72.3287,26.99,76,5,2.44,US,1690382096
569,revda,56.801,59.9303,17.86,88,96,2.08,RU,1690382096
570,khandyga,62.6667,135.6,12.6,93,46,2.37,RU,1690382096
571,carnarvon,-24.8667,113.6333,17.47,54,82,7.27,AU,1690382096
572,thu dau mot,10.9667,106.65,26.03,100,40,0.0,VN,1690382096
573,aweil,8.7682,27.4002,23.48,90,100,1.03,SS,1690382097
574,northam,51.0333,-4.2167,17.59,96,100,6.72,GB,1690381861
575,yurga,55.7231,84.8861,18.26,62,44,2.68,RU,1690382097
576,three points,32.0767,-111.3137,33.53,31,5,2.73,US,1690382097
577,tabursuq,36.4569,9.2475,31.16,32,0,7.87,TN,1690382097
578,taloqan,36.7361,69.5345,32.32,13,15,1.77,AF,1690382097
579,licheng,23.2955,113.8284,30.11,69,47,1.09,CN,1690382098
580,happy valley-goose bay,53.3168,-60.3315,23.17,60,40,6.69,CA,1690382098
